sessionToken,examId,questionId,optionId
test-session-token-1-1784096582881,cmr8sthck0000csau0ynywio9,cmr8surzn0001csauiakx1j3k,cmr8sus6p0003csauy76z3dsa
test-session-token-2-1784096584388,cmr8sthck0000csau0ynywio9,cmr8surzn0001csauiakx1j3k,cmr8sus6p0003csauy76z3dsa
test-session-token-3-1784096585060,cmr8sthck0000csau0ynywio9,cmr8surzn0001csauiakx1j3k,cmr8sus6p0003csauy76z3dsa
test-session-token-4-1784096586245,cmr8sthck0000csau0ynywio9,cmr8surzn0001csauiakx1j3k,cmr8sus6p0003csauy76z3dsa
test-session-token-5-1784096587631,cmr8sthck0000csau0ynywio9,cmr8surzn0001csauiakx1j3k,cmr8sus6p0003csauy76z3dsa
test-session-token-6-1784096588540,cmr8sthck0000csau0ynywio9,cmr8surzn0001csauiakx1j3k,cmr8sus6p0003csauy76z3dsa
test-session-token-7-1784096589741,cmr8sthck0000csau0ynywio9,cmr8surzn0001csauiakx1j3k,cmr8sus6p0003csauy76z3dsa
test-session-token-8-1784096590600,cmr8sthck0000csau0ynywio9,cmr8surzn0001csauiakx1j3k,cmr8sus6p0003csauy76z3dsa
test-session-token-9-1784096591744,cmr8sthck0000csau0ynywio9,cmr8surzn0001csauiakx1j3k,cmr8sus6p0003csauy76z3dsa
test-session-token-10-1784096593047,cmr8sthck0000csau0ynywio9,cmr8surzn0001csauiakx1j3k,cmr8sus6p0003csauy76z3dsa
test-session-token-11-1784096594048,cmr8sthck0000csau0ynywio9,cmr8surzn0001csauiakx1j3k,cmr8sus6p0003csauy76z3dsa
test-session-token-12-1784096595119,cmr8sthck0000csau0ynywio9,cmr8surzn0001csauiakx1j3k,cmr8sus6p0003csauy76z3dsa
test-session-token-13-1784096596259,cmr8sthck0000csau0ynywio9,cmr8surzn0001csauiakx1j3k,cmr8sus6p0003csauy76z3dsa
test-session-token-14-1784096597216,cmr8sthck0000csau0ynywio9,cmr8surzn0001csauiakx1j3k,cmr8sus6p0003csauy76z3dsa
test-session-token-15-1784096598694,cmr8sthck0000csau0ynywio9,cmr8surzn0001csauiakx1j3k,cmr8sus6p0003csauy76z3dsa
test-session-token-16-1784096600133,cmr8sthck0000csau0ynywio9,cmr8surzn0001csauiakx1j3k,cmr8sus6p0003csauy76z3dsa
test-session-token-17-1784096601400,cmr8sthck0000csau0ynywio9,cmr8surzn0001csauiakx1j3k,cmr8sus6p0003csauy76z3dsa
test-session-token-18-1784096602847,cmr8sthck0000csau0ynywio9,cmr8surzn0001csauiakx1j3k,cmr8sus6p0003csauy76z3dsa
test-session-token-19-1784096605362,cmr8sthck0000csau0ynywio9,cmr8surzn0001csauiakx1j3k,cmr8sus6p0003csauy76z3dsa
test-session-token-20-1784096606569,cmr8sthck0000csau0ynywio9,cmr8surzn0001csauiakx1j3k,cmr8sus6p0003csauy76z3dsa
test-session-token-21-1784096608924,cmr8sthck0000csau0ynywio9,cmr8surzn0001csauiakx1j3k,cmr8sus6p0003csauy76z3dsa
test-session-token-22-1784096609890,cmr8sthck0000csau0ynywio9,cmr8surzn0001csauiakx1j3k,cmr8sus6p0003csauy76z3dsa
test-session-token-23-1784096611028,cmr8sthck0000csau0ynywio9,cmr8surzn0001csauiakx1j3k,cmr8sus6p0003csauy76z3dsa
test-session-token-24-1784096612165,cmr8sthck0000csau0ynywio9,cmr8surzn0001csauiakx1j3k,cmr8sus6p0003csauy76z3dsa
test-session-token-25-1784096612744,cmr8sthck0000csau0ynywio9,cmr8surzn0001csauiakx1j3k,cmr8sus6p0003csauy76z3dsa
test-session-token-26-1784096613486,cmr8sthck0000csau0ynywio9,cmr8surzn0001csauiakx1j3k,cmr8sus6p0003csauy76z3dsa
test-session-token-27-1784096615209,cmr8sthck0000csau0ynywio9,cmr8surzn0001csauiakx1j3k,cmr8sus6p0003csauy76z3dsa
test-session-token-28-1784096615853,cmr8sthck0000csau0ynywio9,cmr8surzn0001csauiakx1j3k,cmr8sus6p0003csauy76z3dsa
test-session-token-29-1784096616443,cmr8sthck0000csau0ynywio9,cmr8surzn0001csauiakx1j3k,cmr8sus6p0003csauy76z3dsa
test-session-token-30-1784096617133,cmr8sthck0000csau0ynywio9,cmr8surzn0001csauiakx1j3k,cmr8sus6p0003csauy76z3dsa
test-session-token-31-1784096617831,cmr8sthck0000csau0ynywio9,cmr8surzn0001csauiakx1j3k,cmr8sus6p0003csauy76z3dsa
test-session-token-32-1784096618567,cmr8sthck0000csau0ynywio9,cmr8surzn0001csauiakx1j3k,cmr8sus6p0003csauy76z3dsa
test-session-token-33-1784096619570,cmr8sthck0000csau0ynywio9,cmr8surzn0001csauiakx1j3k,cmr8sus6p0003csauy76z3dsa
test-session-token-34-1784096621245,cmr8sthck0000csau0ynywio9,cmr8surzn0001csauiakx1j3k,cmr8sus6p0003csauy76z3dsa
test-session-token-35-1784096622429,cmr8sthck0000csau0ynywio9,cmr8surzn0001csauiakx1j3k,cmr8sus6p0003csauy76z3dsa
test-session-token-36-1784096623531,cmr8sthck0000csau0ynywio9,cmr8surzn0001csauiakx1j3k,cmr8sus6p0003csauy76z3dsa
test-session-token-37-1784096625349,cmr8sthck0000csau0ynywio9,cmr8surzn0001csauiakx1j3k,cmr8sus6p0003csauy76z3dsa
test-session-token-38-1784096626554,cmr8sthck0000csau0ynywio9,cmr8surzn0001csauiakx1j3k,cmr8sus6p0003csauy76z3dsa
test-session-token-39-1784096628061,cmr8sthck0000csau0ynywio9,cmr8surzn0001csauiakx1j3k,cmr8sus6p0003csauy76z3dsa
test-session-token-40-1784096629063,cmr8sthck0000csau0ynywio9,cmr8surzn0001csauiakx1j3k,cmr8sus6p0003csauy76z3dsa
test-session-token-41-1784096630736,cmr8sthck0000csau0ynywio9,cmr8surzn0001csauiakx1j3k,cmr8sus6p0003csauy76z3dsa
test-session-token-42-1784096631756,cmr8sthck0000csau0ynywio9,cmr8surzn0001csauiakx1j3k,cmr8sus6p0003csauy76z3dsa
test-session-token-43-1784096632418,cmr8sthck0000csau0ynywio9,cmr8surzn0001csauiakx1j3k,cmr8sus6p0003csauy76z3dsa
test-session-token-44-1784096634784,cmr8sthck0000csau0ynywio9,cmr8surzn0001csauiakx1j3k,cmr8sus6p0003csauy76z3dsa
test-session-token-45-1784096635501,cmr8sthck0000csau0ynywio9,cmr8surzn0001csauiakx1j3k,cmr8sus6p0003csauy76z3dsa
test-session-token-46-1784096637300,cmr8sthck0000csau0ynywio9,cmr8surzn0001csauiakx1j3k,cmr8sus6p0003csauy76z3dsa
test-session-token-47-1784096638753,cmr8sthck0000csau0ynywio9,cmr8surzn0001csauiakx1j3k,cmr8sus6p0003csauy76z3dsa
test-session-token-48-1784096639780,cmr8sthck0000csau0ynywio9,cmr8surzn0001csauiakx1j3k,cmr8sus6p0003csauy76z3dsa
test-session-token-49-1784096641315,cmr8sthck0000csau0ynywio9,cmr8surzn0001csauiakx1j3k,cmr8sus6p0003csauy76z3dsa
test-session-token-50-1784096642304,cmr8sthck0000csau0ynywio9,cmr8surzn0001csauiakx1j3k,cmr8sus6p0003csauy76z3dsa
test-session-token-51-1784096645260,cmr8sthck0000csau0ynywio9,cmr8surzn0001csauiakx1j3k,cmr8sus6p0003csauy76z3dsa
test-session-token-52-1784096646804,cmr8sthck0000csau0ynywio9,cmr8surzn0001csauiakx1j3k,cmr8sus6p0003csauy76z3dsa
test-session-token-53-1784096647783,cmr8sthck0000csau0ynywio9,cmr8surzn0001csauiakx1j3k,cmr8sus6p0003csauy76z3dsa
test-session-token-54-1784096649979,cmr8sthck0000csau0ynywio9,cmr8surzn0001csauiakx1j3k,cmr8sus6p0003csauy76z3dsa
test-session-token-55-1784096650918,cmr8sthck0000csau0ynywio9,cmr8surzn0001csauiakx1j3k,cmr8sus6p0003csauy76z3dsa
test-session-token-56-1784096652478,cmr8sthck0000csau0ynywio9,cmr8surzn0001csauiakx1j3k,cmr8sus6p0003csauy76z3dsa
test-session-token-57-1784096653615,cmr8sthck0000csau0ynywio9,cmr8surzn0001csauiakx1j3k,cmr8sus6p0003csauy76z3dsa
test-session-token-58-1784096655524,cmr8sthck0000csau0ynywio9,cmr8surzn0001csauiakx1j3k,cmr8sus6p0003csauy76z3dsa
test-session-token-59-1784096656060,cmr8sthck0000csau0ynywio9,cmr8surzn0001csauiakx1j3k,cmr8sus6p0003csauy76z3dsa
test-session-token-60-1784096656754,cmr8sthck0000csau0ynywio9,cmr8surzn0001csauiakx1j3k,cmr8sus6p0003csauy76z3dsa
test-session-token-61-1784096657394,cmr8sthck0000csau0ynywio9,cmr8surzn0001csauiakx1j3k,cmr8sus6p0003csauy76z3dsa
test-session-token-62-1784096659068,cmr8sthck0000csau0ynywio9,cmr8surzn0001csauiakx1j3k,cmr8sus6p0003csauy76z3dsa
test-session-token-63-1784096659656,cmr8sthck0000csau0ynywio9,cmr8surzn0001csauiakx1j3k,cmr8sus6p0003csauy76z3dsa
test-session-token-64-1784096660566,cmr8sthck0000csau0ynywio9,cmr8surzn0001csauiakx1j3k,cmr8sus6p0003csauy76z3dsa
test-session-token-65-1784096661694,cmr8sthck0000csau0ynywio9,cmr8surzn0001csauiakx1j3k,cmr8sus6p0003csauy76z3dsa
test-session-token-66-1784096662484,cmr8sthck0000csau0ynywio9,cmr8surzn0001csauiakx1j3k,cmr8sus6p0003csauy76z3dsa
test-session-token-67-1784096664047,cmr8sthck0000csau0ynywio9,cmr8surzn0001csauiakx1j3k,cmr8sus6p0003csauy76z3dsa
test-session-token-68-1784096665315,cmr8sthck0000csau0ynywio9,cmr8surzn0001csauiakx1j3k,cmr8sus6p0003csauy76z3dsa
test-session-token-69-1784096667762,cmr8sthck0000csau0ynywio9,cmr8surzn0001csauiakx1j3k,cmr8sus6p0003csauy76z3dsa
test-session-token-70-1784096668631,cmr8sthck0000csau0ynywio9,cmr8surzn0001csauiakx1j3k,cmr8sus6p0003csauy76z3dsa
test-session-token-71-1784096670472,cmr8sthck0000csau0ynywio9,cmr8surzn0001csauiakx1j3k,cmr8sus6p0003csauy76z3dsa
test-session-token-72-1784096672752,cmr8sthck0000csau0ynywio9,cmr8surzn0001csauiakx1j3k,cmr8sus6p0003csauy76z3dsa
test-session-token-73-1784096673650,cmr8sthck0000csau0ynywio9,cmr8surzn0001csauiakx1j3k,cmr8sus6p0003csauy76z3dsa
test-session-token-74-1784096674874,cmr8sthck0000csau0ynywio9,cmr8surzn0001csauiakx1j3k,cmr8sus6p0003csauy76z3dsa
test-session-token-75-1784096676098,cmr8sthck0000csau0ynywio9,cmr8surzn0001csauiakx1j3k,cmr8sus6p0003csauy76z3dsa
test-session-token-76-1784096676825,cmr8sthck0000csau0ynywio9,cmr8surzn0001csauiakx1j3k,cmr8sus6p0003csauy76z3dsa
test-session-token-77-1784096677468,cmr8sthck0000csau0ynywio9,cmr8surzn0001csauiakx1j3k,cmr8sus6p0003csauy76z3dsa
test-session-token-78-1784096678174,cmr8sthck0000csau0ynywio9,cmr8surzn0001csauiakx1j3k,cmr8sus6p0003csauy76z3dsa
test-session-token-79-1784096679577,cmr8sthck0000csau0ynywio9,cmr8surzn0001csauiakx1j3k,cmr8sus6p0003csauy76z3dsa
test-session-token-80-1784096680239,cmr8sthck0000csau0ynywio9,cmr8surzn0001csauiakx1j3k,cmr8sus6p0003csauy76z3dsa
test-session-token-81-1784096680880,cmr8sthck0000csau0ynywio9,cmr8surzn0001csauiakx1j3k,cmr8sus6p0003csauy76z3dsa
test-session-token-82-1784096681650,cmr8sthck0000csau0ynywio9,cmr8surzn0001csauiakx1j3k,cmr8sus6p0003csauy76z3dsa
test-session-token-83-1784096682457,cmr8sthck0000csau0ynywio9,cmr8surzn0001csauiakx1j3k,cmr8sus6p0003csauy76z3dsa
test-session-token-84-1784096683216,cmr8sthck0000csau0ynywio9,cmr8surzn0001csauiakx1j3k,cmr8sus6p0003csauy76z3dsa
test-session-token-85-1784096684628,cmr8sthck0000csau0ynywio9,cmr8surzn0001csauiakx1j3k,cmr8sus6p0003csauy76z3dsa
test-session-token-86-1784096685671,cmr8sthck0000csau0ynywio9,cmr8surzn0001csauiakx1j3k,cmr8sus6p0003csauy76z3dsa
test-session-token-87-1784096686701,cmr8sthck0000csau0ynywio9,cmr8surzn0001csauiakx1j3k,cmr8sus6p0003csauy76z3dsa
test-session-token-88-1784096687579,cmr8sthck0000csau0ynywio9,cmr8surzn0001csauiakx1j3k,cmr8sus6p0003csauy76z3dsa
test-session-token-89-1784096688436,cmr8sthck0000csau0ynywio9,cmr8surzn0001csauiakx1j3k,cmr8sus6p0003csauy76z3dsa
test-session-token-90-1784096689753,cmr8sthck0000csau0ynywio9,cmr8surzn0001csauiakx1j3k,cmr8sus6p0003csauy76z3dsa
test-session-token-91-1784096690788,cmr8sthck0000csau0ynywio9,cmr8surzn0001csauiakx1j3k,cmr8sus6p0003csauy76z3dsa
test-session-token-92-1784096691682,cmr8sthck0000csau0ynywio9,cmr8surzn0001csauiakx1j3k,cmr8sus6p0003csauy76z3dsa
test-session-token-93-1784096692347,cmr8sthck0000csau0ynywio9,cmr8surzn0001csauiakx1j3k,cmr8sus6p0003csauy76z3dsa
test-session-token-94-1784096693758,cmr8sthck0000csau0ynywio9,cmr8surzn0001csauiakx1j3k,cmr8sus6p0003csauy76z3dsa
test-session-token-95-1784096694763,cmr8sthck0000csau0ynywio9,cmr8surzn0001csauiakx1j3k,cmr8sus6p0003csauy76z3dsa
test-session-token-96-1784096695459,cmr8sthck0000csau0ynywio9,cmr8surzn0001csauiakx1j3k,cmr8sus6p0003csauy76z3dsa
test-session-token-97-1784096696095,cmr8sthck0000csau0ynywio9,cmr8surzn0001csauiakx1j3k,cmr8sus6p0003csauy76z3dsa
test-session-token-98-1784096696649,cmr8sthck0000csau0ynywio9,cmr8surzn0001csauiakx1j3k,cmr8sus6p0003csauy76z3dsa
test-session-token-99-1784096697303,cmr8sthck0000csau0ynywio9,cmr8surzn0001csauiakx1j3k,cmr8sus6p0003csauy76z3dsa
test-session-token-100-1784096697921,cmr8sthck0000csau0ynywio9,cmr8surzn0001csauiakx1j3k,cmr8sus6p0003csauy76z3dsa
